user_id,name
305344,Geoffrey Clausen
387418,Ja Prato
2439493,Aida Condit
1664010,Ashlee Santore
2118461,Melia Clanton
1639792,Oswaldo Ramires
1314869,Granville Disandro
1461435,Carlyn Eckert
1932594,Isidra Johannsen
2606799,Kristofer Sakai
2056022,Cordelia Eckhardt
1114324,Shonda Breitenbach
752642,Nellie Hewlett
491531,Natividad Hohman
1663888,Vannesa Nevins
1403217,Elijah Oiler
727242,Lona Chilson
1473980,Sung Rowles
716173,Dusty Harland
798296,Corey Hurd
1001129,Terry Peed
1852040,Luciano Hayter
507603,Keely Arner
1792741,Casandra Lancaster
2625420,Angella Tannenbaum
303948,Elsie Riesgo
2457095,Twanda Witcher
2143500,Haywood Herdon
2147527,Paige Brain
16272,Vinnie Bays
1299887,Krissy Henry
1037245,Shaneka Hilderbrand
1806515,Lili Turnbull
322009,Yasmine Thrower
2238060,Michaele Hulen
1061195,Margart Haskins
1710658,Ouida Steinman
57633,Charisse Pricer
1927580,Markus Manger
2237185,Therese Delgadillo
794999,Scott Halper
682963,Heath Diehl
1673185,Diedra Ropp
1977959,Molly Madero
525356,Lael Decesare
2291306,Diana Wymore
1784150,Charles Pabst
2083367,Elfrieda Mercado
1298511,Elvina Paynter
530789,Lucien Otani
786312,Le Fielder
1028463,Floy Howland
2062350,Nathalie Dailey
504620,Ludivina Richman
1227322,Chanell Edmiston
1300759,Elfriede Weight
1110156,Lanette Vetrano
636262,Leana Bosque
1935793,Vannessa Gullickson
1105029,Gerda Mahone
184705,Sarita Sabado
789014,Summer Funk
2256485,Venessa Daigneault
2537543,Toya Grubaugh
1612901,Lael Frizell
1876520,Rochelle Hertel
1602153,Macie Egbert
2040859,Martin Arceneaux
1272379,Yu Flint
1902838,Daryl Holladay
952156,Albertina Balfour
3321,Annita Giesen
818752,Derrick Garnes
862596,Michal Lion
1707198,Clelia Feely
2061495,Christine Ruffino
319058,Sally Coury
2315012,Billi Moreles
1470123,Faith Townes
2460347,Theresa Vallance
447759,Amira Kim
1819462,Jeremiah Zollner
1903324,Carmel Rezentes
1519378,Theodore Gran
2176465,Grisel Leader
341649,Cassondra Tye
722591,Naomi Fulmore
595778,Tobi Brickhouse
238740,Jeri Hanzlik
2102030,Maryam Merz
1563935,Natosha Parcell
647979,Dakota Symes
555528,Pei Presnell
1984086,Cathy Mcneece
2150746,Joann Drey
2602249,Becky Hardwick
769702,Bernardina Granada
402266,Andre Mahon
2297136,Gertie Castillon
147386,Hosea Bilodeau
2327743,Micheal Conboy
71594,Foster Hudspeth
507094,Kim Ettinger
789969,Grover Lin
1509395,Jared Mcdivitt
2485642,Rick Saulnier
1166912,Cristopher Andrus
1984315,Man Obregon
74441,Nickolas Cruze
1516350,Edwin Tharpe
1033930,Mathew Wolfinger
1029163,Fred Nesbitt
1431356,Arthur Petrik
397212,Russell Sproull
1557557,Monroe Greco
2634967,Mauricio Walson
1146000,Abe Axley
1205174,Dewayne Mcadams
2584676,Jeffry Fitton
1452127,Delbert Regina
2248080,Jordan Orem
1233297,Danial Castellon
235789,Leslie Chowdhury
1777406,Walton Pleiman
394895,Morgan Renfrow
743633,Jarred Gildea
1559083,Kurtis Guebert
2119007,Donald Kazee
2157060,Ali Finger
2220732,Gail Weisbrod
316155,Trey Wegman
844028,Lyle Nolton
411290,Oscar Redford
958687,Ned Biggs
638020,Wiley Davenport
684876,Hosea Brant
929308,Angelo Gravois
2255880,Mauro Lackey
825353,Edison Stevens
166041,Arlen Koepke
1139570,Adam Westfield
873713,Clifton Mcqueen
1317671,Morton Bongiorno
716874,Jamel Onofrio
1257336,Gustavo Wojtczak
908205,Gregorio Harmer
157667,Mikel Fierros
2035299,Gabriel Payan
2225743,Andy Morones
1268699,Luke Mullarkey
2514777,Mose Canady
518137,Madge Stoops
121182,Mckenzie Neira
2284890,Rusty Claus
49890,Rosaline Fandel
